{
  "objects": [
    {
      "name": "jenga_4",
      "position": {
        "x": -0.3302420761838884,
        "y": -0.41953048219740763,
        "z": 0.005637957204513433
      },
      "rotation": {
        "x": 13.898810846174305,
        "y": -15.24653841663328,
        "z": 33.0343945385269
      },
      "orientation": {
        "x": 0.15241303126841677,
        "y": -0.09215569689659033,
        "z": 0.29510860727405286,
        "w": 0.9387164136957685
      }
    },
    {
      "name": "jenga_2",
      "position": {
        "x": -0.549449932432153,
        "y": -0.4749108093858238,
        "z": 0.001959943881172932
      },
      "rotation": {
        "x": 41.80820956640256,
        "y": -5.435807446814643,
        "z": 100.00347011434594
      },
      "orientation": {
        "x": 0.2630181924479579,
        "y": 0.24455508661490685,
        "z": 0.7257107790758788,
        "w": 0.5868203346726029
      }
    }
  ]
}